country,iso3, pop2015 , areaSqKm , popDensity , roadsMappedKm ,geofabrikExtract2016,geofabrikExtract2018,popPerExtract,areaPerExtract,buildingsMapped,popPerBuilding,numHotTasks
Afghanistan,AFG,"32,440,147","647,500",47.96,"113,991.58",22.9,25.6,1267193.2,25292.97,87457,370.93,3
Albania,ALB,"2,877,058","28,748",124.59,"28,320.77",17.1,25.7,111947.8,1118.6,56682,50.76,0
Algeria,DZA,"39,446,940","2,381,740",13.83,"184,843.39",52.1,70,563527.7,34024.86,206433,191.09,0
American Samoa,ASM,"47,572",199,290.42,352.02,0.00019455,,,,1551,30.67,0
Andorra,AND,"66,833",468,152.14,380.78,1.3,1.5,44555.3,312,1696,39.41,0
Angola,AGO,"24,914,327","1,246,700",9.73,"69,122.14",8.8,22.4,1112246.7,55656.25,13917,"1,790.21",4
Anguilla,AIA,"9,213",102,132.13,360.36,0.280273438,,,,5229,1.76,0
Antarctica,ATA,"1,106","14,000,000",0,"1,984.44",28.9,29,38.1,482758.62,0,,0
Antigua & Barbuda,ATG,"77,434",443,156,"1,380.05",0.587890625,,,,4284,18.08,0
Argentina,ARG,"43,355,008","2,766,890",14.43,"620,373.98",114,161,269285.8,17185.65,98637,439.54,2
Armenia,ARM,"3,042,869","29,800",99.88,"32,779.76",11.1,,,,122842,24.77,0
Aruba,ABW,"87,897",193,372.49,"1,170.49",1.4,,,,6128,14.34,0
Australia,AUS,"23,552,925","7,686,850",2.64,"938,575.20",266,326,72248.2,23579.29,669627,35.17,0
Austria,AUT,"8,587,573","83,870",97.69,"325,203.37",457,550,15613.8,152.49,2839707,3.02,0
Azerbaijan,AZE,"9,638,108","86,600",91.94,"52,165.86",13.5,16.7,577132.2,5185.63,39978,241.09,0
Azores,0,"245,746","2,333",105.33, -   ,4.3,6.7,36678.5,348.21,2082,118.03,0
The Bahamas,BHS,"288,546","13,940",21.79,"6,738.87",2.7,,,,9535,30.26,0
Bahrain,BHR,"972,839",665,"1,050.50","3,610.90",0.834960938,,,,993,979.7,0
Bangladesh,BGD,"157,220,824","144,000","1,023.37","35,459.96",18.1,107,1469353.5,1345.79,170791,920.55,24
Barbados,BRB,"265,003",431,649.45,"2,229.86",0.768554688,,,,4240,62.5,3
Belarus,BLR,"9,520,227","207,600",49.58,"208,180.96",138,176,54092.2,1179.55,1203657,7.91,0
Belgium,BEL,"11,261,473","30,528",339.99,"139,822.93",251,308,36563.2,99.12,2097886,5.37,0
Belize,BLZ,"354,114","22,966",12.53,"8,276.03",2.6,4,88528.5,5741.5,17557,20.17,3
Benin,BEN,"10,926,064","112,620",69.82,"36,330.83",12.6,22.2,492165,5072.97,207366,52.69,10
Bermuda,BMU,"49,174",53,"1,241.00",567.66,0.31,,,,3086,15.93,0
Bhutan,BTN,"923,284","47,000",48.5,"4,358.40",3.5,5.6,164872.1,8392.86,9109,101.36,1
Bolivia,BOL,"10,728,793","1,098,580",8.18,"176,629.39",49.2,68,157776.4,16155.59,42569,252.03,4
Bosnia & Herzegovina,BIH,"3,381,136","51,129",87.99,"49,774.61",56,60,56352.3,852.15,195622,17.28,1
Botswana,BWA,"2,237,565","600,370",2.73,"81,513.71",18.4,34.4,65045.5,17452.62,255074,8.77,16
Brazil,BRA,"204,868,562","8,511,965",22.1,"1,366,371.45",339,537,381505.7,15850.96,432469,473.72,4
British Indian Ocean Territory,IOT,"2,500","54,400",0.06,106.45,0,,,,0,,0
British Virgin Islands,VGB,"25,522",153,150.97, -   ,0.171875,,,,978,26.1,0
Brunei,BRN,"416,941","5,770",65.76,"2,565.46",0.87890625,,,,4614,90.36,0
Bulgaria,BGR,"7,225,914","110,910",66.59,"112,660.68",61,88,82112.7,1260.34,225929,31.98,0
Burkina Faso,BFA,"18,102,576","274,200",50.7,"52,303.57",17.3,32.6,555293.7,8411.04,144347,125.41,21
Burma (Myanmar),MMR,"53,257,037","678,500",69.83,"81,069.67",27.9,60,887617.3,11308.33,235217,226.42,43
Burundi,BDI,"11,091,093","27,830",290.7,"20,771.98",8.3,8.9,1246190.2,3126.97,69436,159.73,3
Cabo Verde,CPV,"478,750","4,033",104.38,"3,687.17",2.5,,,,5394,88.76,0
Cambodia,KHM,"15,574,774","181,040",76.68,"47,173.33",9.2,19.9,782652,9097.49,7753,"2,008.87",0
Cameroon,CMR,"23,102,240","475,440",36.47,"108,418.41",102.2,115,200889,4134.26,1645450,14.04,7
Canada,CAN,"34,120,722","9,984,670",3.31,"1,222,843.34",2150.4,2200,15509.4,4538.49,1286926,26.51,0
Canary Island,0,"2,101,924","7,493",282.6, -   ,28.8,35.4,59376.4,211.67,5735,366.51,0
Cabo Verde,CPV,478749.7283,"4,033",104.38,"3,687.17",2.5,5.3,90330.1,760.94,5394,88.76,0
Cayman Islands,CYM,"54,217",262,173.42,980.55,0.5,,,,7085,7.65,0
Central African Republic,CAF,"4,818,099","622,984",6.91,"37,323.67",21.2,25,192724,24919.36,432299,11.15,26
Chad,TCD,"14,045,546","1,284,000",7.74,"38,248.49",9.9,30.8,456024.2,41688.31,105113,133.62,19
Chile,CHL,"17,770,507","756,950",21.31,"177,941.20",92,129,137755.9,5867.83,183345,96.92,3
China,CHN,"1,365,224,831","9,596,960",136.92,"1,634,533.58",256,394,3465037.6,24357.77,421803,"3,236.64",1
Christmas Island,CXR,"1,843",135,15.35,136.43,0,,,,616,2.99,0
Cocos (Keeling) Islands,CCK,596,14,42.57,37.81,0,,,,0,,0
Colombia,COL,"47,996,821","1,138,910",38.28,"166,501.21",79,107,448568.4,10644.02,303993,157.89,21
Comoros,COM,"692,483","2,170",318.41,"1,386.85",0.61,2,346241.5,1085,8507,81.4,0
Democratic Republic of the Congo,COD,"77,283,325","2,345,410",26.72,"216,227.67",66.1,96,805034.6,24431.35,1012066,76.36,39
Republic of the Congo,COG,"4,306,498","342,000",10.83,"33,639.87",3.7,5.4,797499.6,63333.33,7228,595.81,1
Cook Islands,COK,"17,459",240,89.12,421.68,0.000195503,,,,602,29,0
Costa Rica,CRI,"4,790,970","51,100",79.75,"34,575.26",11.1,,,,37635,127.3,6
Cote d'Ivoire (Ivory Coast),CIV,"22,012,189","322,460",54.75,"66,816.77",13.6,20.6,1068552.9,15653.4,95023,231.65,9
Croatia,HRV,"4,059,589","56,542",79.49,"92,706.61",80,101,40194,559.82,398213,10.19,1
Cuba,CUB,"11,243,188","110,860",102.68,"84,155.04",18.7,27.4,410335.3,4045.99,53430,210.43,0
Cyprus,CYP,"1,170,125","9,250",84.79,"21,480.57",0.00019646,12.3,95132.1,752.03,14504,80.68,0
Czech Republic,CZE,"10,517,612","78,866",129.78,"217,975.22",621,709,14834.4,111.24,4195166,2.51,0
Denmark,DNK,"5,392,794","43,094",126.48,"139,784.08",198,231,23345.4,186.55,797840,6.76,0
Djibouti,DJI,"819,725","23,000",21.15,"3,444.27",0.64,1.1,745204.5,20909.09,5922,138.42,1
Dominica,DMA,"68,877",754,91.39,"1,374.75",1.5,,,,30297,2.27,0
Dominican Republic,DOM,"10,327,793","48,730",188.47,"38,349.90",9.7,,,,44799,230.54,0
East Timor,0,"1,186,190","15,007",70.82, -   ,0,,,,13113,90.46,1
Ecuador,ECU,"15,774,757","283,560",47.78,"90,172.96",46.4,59,267368.8,4806.1,395542,39.88,10
Egypt,EGY,"90,771,892","1,001,450",78.77,"101,700.47",29,35.2,2578746.9,28450.28,46782,"1,940.32",0
El Salvador,SLV,"6,344,722","21,040",324.26,"21,548.29",7,,,,7091,894.76,7
Equatorial Guinea,GNQ,"1,222,442","28,051",19.25,"7,949.95",0.75,1.2,1018701.7,23375.83,2306,530.11,0
Eritrea,ERI,"5,301,295","121,320",39.46,"6,416.38",1.3,2.7,1963442.6,44933.33,5401,981.54,0
Estonia,EST,"1,262,170","45,226",29.28,"56,213.08",61,65,19418,695.78,675323,1.87,0
Ethiopia,ETH,"99,267,442","1,127,127",66.34,"109,765.27",20,35.7,2780600.6,31572.18,96169,"1,032.22",7
Falkland Islands (Malvinas),FLK,"3,398","12,200",0.24,"1,897.09",0.944335938,,,,2647,1.28,0
Faroe Islands,FRO,"50,322","1,399",33.77,"1,024.65",1.2,1.6,31451.3,874.38,677,74.33,0
Fiji,FJI,"898,760","18,270",49.59,"5,706.37",5.8,6.7,134143.3,2726.87,0,,1
Finland,FIN,"5,230,138","338,145",15.47,"305,321.14",231,301,17375.9,1123.41,881719,5.93,0
France,FRA,"65,580,528","547,030",111.28,"1,686,688.26",3276.8,3500,18737.3,156.29,44503935,1.47,0
French Guiana,GUF,"259,865","91,000",2.19,"4,237.77",6.9,,,,54364,4.78,0
French Polynesia,PYF,"280,208","4,167",65.89,"2,720.44",0.000196457,,,,1375,203.79,0
French Southern Territories,ATF,150,"439,781", -   ,52.64,0,,,,117,1.28,0
Gabon,GAB,"1,686,441","267,667",5.32,"50,455.82",4.4,5.5,306625.6,48666.73,2726,618.65,0
GCC states,0,"54,017,620","2,673,108",18.99, -   ,50,76,710758.2,35172.47,105164,513.65,0
Gambia,GMB,"1,889,350","11,300",145.27,"6,825.19",2.7,,,,26334,71.75,4
Gaza Strip,0,"1,600,000",360,"3,968.77", -   ,0,,,,169410,9.44,0
Georgia,GEO,"3,949,750","69,700",66.88,"68,855.07",36.4,46,85864.1,1515.22,103699,38.09,0
Germany,DEU,"82,175,684","357,021",230.86,"1,735,080.83",2764.8,3100,26508.3,115.17,24228269,3.39,0
Ghana,GHA,"27,268,770","239,460",93.58,"58,498.77",8,20.6,1323726.7,11624.27,36865,739.69,6
Gibraltar,GIB,"32,194",7,"3,989.71",96.89,0.21386719,,,,1224,26.3,0
Greece,GRC,"11,183,716","131,940",81.01,"255,824.90",122,158,70783,835.06,222654,50.23,0
Greenland,GRL,"56,483","2,166,086",0.03,751.6,11.8,12.3,4592.1,176104.55,13871,4.07,0
Grenada,GRD,"95,803",344,260.76,"1,004.51",0.400390625,,,,1721,55.67,1
Guadeloupe,GLP,"402,119","1,780",254.37,"5,733.92",16,,,,302361,1.33,0
Guam,GUM,"161,979",541,316.12, -   ,1.2,,,,15647,10.35,0
Guatemala,GTM,"16,341,567","108,890",112.9,"31,396.96",10.1,27.9,585719.2,3902.87,24432,668.86,7
Guernsey,GGY,"63,026",78,838.58, -   ,0.418,,,,473,133.25,0
Guinea,GIN,"12,487,295","245,857",39.41,"74,783.63",40.1,49.8,250748.9,4936.89,447787,27.89,0
Guinea-Bissau,GNB,"1,771,471","36,120",39.92,"6,010.87",4.9,5.8,305426,6227.59,37230,47.58,2
Guyana,GUY,"773,303","214,970",3.57,"5,120.39",3.1,,,,49430,15.64,4
Haiti,HTI,"10,336,553","27,750",299.41,"23,831.05",26,,,,330166,31.31,16
Haiti and Dominican Republic,0,"20,664,346","76,480",228.72,"62,180.95",37.1,58,356281.8,1318.62,374965,55.11,16
Holy See,VAT,74, -   ,#DIV/0!,20.21,0.08105469,,,,0,,0
Honduras,HND,"8,046,030","112,090",65.36,"24,834.57",9.1,,,,40795,197.23,6
Hong Kong,HKG,"7,389,500","1,092","6,355.71","5,261.55",7.8,,,,26199,282.05,0
Hungary,HUN,"9,861,883","93,030",107.29,"209,886.64",112,145,68013,641.59,643935,15.32,0
Iceland,ISL,"307,009","103,000",2.91,"22,863.96",18.6,28.2,10886.8,3652.48,83311,3.69,0
India,IND,"1,303,788,775","3,287,590",333.18,"1,060,548.10",365,478,2727591.6,6877.8,4447175,293.17,4
Indonesia,IDN,"252,233,811","1,919,440",127.88,"296,339.59",211,436,578517.9,4402.39,4343500,58.07,58
Iran,IRN,"79,133,732","1,648,000",41.68,"276,132.44",53,89,889143.1,18516.85,118702,666.66,1
Iraq,IRQ,"36,243,003","437,072",61.28,"88,135.32",19.4,31.3,1157923.4,13963.96,42126,860.35,6
Ireland,IRL,"4,566,946","70,280",57.8,"126,869.64",121,142,32161.6,494.93,337693,13.52,0
Isle of Man,IMN,"81,465",572,131.89, -   ,2.2,2.5,32586,228.8,10664,7.64,0
Israel,ISR,"7,840,605","20,770",305.83,"51,551.35",35.4,,,,212447,36.91,0
Israel and Palestine,0,"9,655,566","26,990",403.95,"72,546.28",56,67,144112.9,402.84,237610,40.64,23
Italy,ITA,"58,987,681","301,230",192.99,"870,074.12",1126.4,1300,45375.1,231.72,9205376,6.41,1
Jamaica,JAM,"2,747,789","10,991",250.94,"14,114.33",4.6,7.2,381637.4,1526.53,35223,78.01,3
Japan,JPN,"124,836,116","377,835",337.35,"1,369,422.01",1024,1200,104030.1,314.86,3641840,34.28,16
Jersey,JEY,"69,226",116,785.21, -   ,0.890625,,,,3529,19.62,0
Jordan,JOR,"7,568,410","92,300",64,"35,591.12",8.2,10.6,714000.9,8707.55,28840,262.43,0
Kazakhstan,KAZ,"17,589,899","2,717,300",5.61,"209,540.86",57,81,217159.2,33546.91,524261,33.55,0
Kenya,KEN,"45,485,099","582,650",59.57,"92,745.07",18.4,45.8,993124.4,12721.62,109463,415.53,17
Kiribati,KIR,"30,499",811,130,615.52,0.107421875,,,,2260,13.5,0
North Korea,PRK,"24,668,412","120,540",191.75,"44,626.07",16.8,24.2,1019355.9,4980.99,38576,639.48,0
South Korea,KOR,"48,940,119","98,480",496.01,"131,803.89",52,88,556137.7,1119.09,55542,881.14,0
Kosovo,KOS,"1,837,503","10,908",170.44, -   ,9.4,12.3,149390.5,886.83,26419,69.55,0
Kuwait,KWT,"3,825,748","17,820",135.71,"12,021.51",1.8,,,,2663,"1,436.63",0
Kyrgyzstan,KGZ,"6,174,511","198,500",26.27,"46,244.78",19.4,22.7,272004.9,8744.49,323757,19.07,2
Laos,LAO,"6,794,347","236,800",26.89,"37,206.81",10.4,25.2,269616.9,9396.83,5753,"1,181.01",4
Latvia,LVA,"1,956,987","64,589",35.22,"61,102.57",49.2,57,34333.1,1133.14,343530,5.7,0
Lebanon,LBN,"5,684,779","10,400",372.5,"16,815.95",6.1,7.2,789552.6,1444.44,4480,"1,268.92",0
Lesotho,LSO,"2,102,633","30,355",66.62,"28,477.30",62.9,109,19290.2,278.49,579309,3.63,10
Liberia,LBR,"4,342,949","111,370",27.31,"25,383.79",28.5,24.7,175827.9,4508.91,319884,13.58,7
Libya,LBY,"6,276,331","1,759,540",3.35,"74,173.80",8,10.1,621418.9,174211.88,12871,487.63,0
Liechtenstein,LIE,"29,864",160,212.42,762.52,1.5,2.4,12443.3,66.67,12534,2.38,0
Lithuania,LTU,"2,865,495","65,200",55,"103,127.39",80,99,28944.4,658.59,612699,4.68,0
Luxembourg,LUX,"576,539","2,586",183.45,"13,378.69",18.7,22.2,25970.2,116.49,86671,6.65,0
Macao,MAC,"443,657",28,"16,183.04",481.96,0.360351563,,,,3226,137.53,0
Macedonia,MKD,"2,097,119","25,333",80.94,"17,937.36",13.8,16.5,127098.1,1535.33,16692,125.64,0
Madagascar,MDG,"24,108,263","587,040",31.68,"60,668.42",36.2,44.7,539334.7,13132.89,211481,114,26
Malawi,MWI,"17,136,143","118,480",109.84,"37,427.81",15.9,56,306002.6,2115.71,162013,105.77,60
Malaysia,MYS,"29,537,321","329,750",73.95,"101,146.72",26.6,,,,16942,"1,743.44",2
"Malaysia, Singapore and Brunei",0,"34,987,340","336,213",87.02,"109,325.84",35.5,58,603230,5796.78,69480,503.56,2
Maldives,MDV,"150,625",300,"1,196.69","1,039.66",0.93,1.4,107589.3,214.29,4691,32.11,0
Mali,MLI,"17,644,701","1,240,000",9.45,"144,274.83",31.2,60,294078.4,20666.67,267402,65.99,14
Malta,MLT,"401,890",316,"1,266.50","3,238.50",3,4.1,98022,77.07,714,562.87,0
Marshall Islands,MHL,"1,850","11,854",5.1,264.32,0.048828125,,,,0,,0
Martinique,MTQ,"385,551","1,100",396.48,"3,558.84",14.4,,,,255106,1.51,0
Mauritania,MRT,"4,046,341","1,030,700",3.08,"18,038.28",4.8,11.1,364535.2,92855.86,47186,85.75,2
Mauritius,MUS,"1,249,778","2,040",608.25,"3,898.30",1.7,4.1,304823.9,497.56,2174,574.87,0
Mayotte,MYT,"256,518",374,538.06,799.13,2.6,,,,72555,3.54,0
Mexico,MEX,"126,535,730","1,972,550",54.47,"543,619.96",123,183,691452.1,10778.96,180371,701.53,11
Federated States of Micronesia,FSM,"46,797",702,153.85,626.9,0.390625,,,,8522,5.49,2
Moldova,MDA,"4,002,874","33,843",131.98,"49,745.78",22.3,27.4,146090.3,1235.15,170083,23.53,0
Monaco,MCO,"44,081",2,"16,271.50",29.5,0.31,550,80.1,0,1061,41.55,0
Mongolia,MNG,"2,966,083","1,564,116",1.81,"80,519.09",11.9,18.6,159466.8,84092.26,69279,42.81,12
Montenegro,MNE,"618,353","13,812",49.01,"15,242.85",13.3,17.2,35950.8,803.02,55318,11.18,0
Montserrat,MSR,"4,683",102,92.54,178.71,0.146484375,,,,1929,2.43,0
Morocco,MAR,"34,609,364","446,550",74.44,"166,154.35",74.1,87,397808.8,5132.76,129848,266.54,0
Mozambique,MOZ,"27,841,622","801,590",24.56,"84,620.53",86,102,272957.1,7858.73,1925864,14.46,24
Namibia,NAM,"2,455,208","825,418",2.48,"101,177.08",13.2,19.9,123377.3,41478.29,53322,46.04,1
Nauru,NRU,"9,126",21,632.71,74.04,0.080078125,,,,1321,6.91,0
Nepal,NPL,"29,687,723","147,181",192.19,"88,683.82",132,218,136182.2,675.14,2049016,14.49,43
Netherlands,NLD,"16,704,552","41,526",397.14,"41,738.91",968,1000,16704.6,41.53,9905775,1.69,0
Netherlands Antilles,ANT,"301,000",960,230.98,"3,340.33",1.9,,,,7956,37.83,0
New Caledonia,NCL,"226,604","19,060",11.5,"9,838.33",7,8.1,27975.8,2353.09,33696,6.72,0
New Zealand,NZL,"4,113,019","268,680",15.17,"120,354.20",158,173,23774.7,1553.06,437567,9.4,0
Nicaragua,NIC,"6,054,796","129,494",43.01,"24,072.48",12.4,14.1,429418.2,9183.97,42356,142.95,8
Niger,NER,"19,886,483","1,267,000",9.89,"63,741.60",15.1,24.5,811693.2,51714.29,92086,215.96,11
Nigeria,NGA,"181,283,854","923,768",142.74,"287,714.59",49.2,111,1633187.9,8322.23,203261,891.88,44
Niue,NIU,"1,345",260,4.58,242.24,0.000196457,,,,1263,1.06,0
Norfolk Island,NFK,"2,195",35,63.87,89.88,0.083984375,,,,653,3.36,0
Northern Mariana Islands,MNP,"51,811",477,172.87,"1,082.02",0.471679688,,,,6289,8.24,0
Norway,NOR,"4,706,681","323,802",14.24,"151,049.99",381,495,9508.4,654.15,494534,9.52,0
Northern Cyprus,CYN,"340,813","3,355",93.48, -   ,0.00019646,,,,6067,56.17,0
Oman,OMN,"4,650,614","212,460",14.6,"53,261.92",8.4,,,,12900,360.51,0
Pakistan,PAK,"187,248,579","803,940",206.24,"145,431.94",28.4,37.7,4966805.8,21324.67,135266,"1,384.30",2
Palau,PLW,"10,325",458,44.93,374.93,0.159179688,,,,505,20.45,0
Palestine,PSE,"4,814,961","6,220",731.57,"20,994.93",20.1,,,,25163,191.35,23
Panama,PAN,"3,872,789","78,200",40.81,"18,107.57",7.9,,,,24038,161.11,0
Papua New Guinea,PNG,"7,509,333","462,840",12.25,"21,097.54",4.6,6.6,1137777.7,70127.27,10619,707.16,0
Paraguay,PRY,"6,598,609","406,750",16,"84,693.39",19.3,42.8,154173.1,9503.5,21866,301.77,1
Peru,PER,"31,183,477","1,285,220",22.02,"144,932.64",52,80,389793.5,16065.25,79006,394.7,23
Philippines,PHL,"94,039,736","300,000",298.23,"203,643.12",146,225,417954.4,1333.33,2178018,43.18,69
Pitcairn,PCN,94,47,1.19,16.14,0.000197411,,,,0,,0
Poland,POL,"38,669,598","312,685",123.25,"746,538.91",812,1000,38669.6,312.69,7229042,5.35,0
Portugal,PRT,"10,113,922","92,391",114.79,"232,956.67",127,166,60927.2,556.57,365062,27.7,0
Puerto Rico,PRI,"3,636,647","13,790",284.79, -   ,26.5,70,51952.1,197,212545,17.11,0
Qatar,QAT,"2,179,919","11,437",77.41,"14,558.20",2.7,,,,7267,299.98,0
Reunion,REU,"850,727","2,517",312.91,"6,947.21",25.1,,,,444375,1.91,0
Romania,ROU,"19,360,271","237,500",93.91,"243,303.26",148,169,114557.8,1405.33,689299,28.09,0
Russia,RUS,"145,337,976","17,075,200",8.37,"2,511,923.71",1843.2,2200,66062.7,7761.45,8684566,16.74,0
Rwanda,RWA,"11,588,629","26,338",328.36,"16,539.98",6,11.9,973834.4,2213.28,40086,289.09,0
Saint Barthelemy,BLM,"7,181",25,361.4,126.73,0.651367188,,,,2329,3.08,0
Saint Helena,SHN,"3,489",413,18.16,170.6,0.18,281,12.4,1.47,1101,3.17,0
Saint Kitts & Nevis,KNA,"49,579",261,149.92,645.1,0.220703125,,,,642,77.23,0
Saint Lucia,LCA,"176,820",616,273.47,"1,088.56",1.6,,,,26835,6.59,0
Saint Martin (French part),MAF,"49,672",53, -   ,265.75,0.599609375,,,,15168,3.27,0
Saint Pierre & Miquelon,SPM,"5,284",242,29.03,181.09,0.2,,,,197,26.82,0
Saint Vincent and the Grenadines,VCT,"87,852",389,302.95,655.7,0.219726563,,,,1871,46.95,2
Samoa,WSM,"180,116","2,944",60.09,"2,478.75",0.00019455,,,,30612,5.88,0
San Marino,SMR,"23,630",61,479.52,394.49,0.34375,,,,1383,17.09,0
Sao Tome & Principe,STP,"184,246","1,001",193.22,904.61,0.39,509,362,1.97,3218,57.25,0
Saudi Arabia,SAU,"31,599,167","1,960,582",13.78,"189,713.68",18,,,,38105,829.27,0
Senegal,SEN,"14,886,537","196,190",61.1,"44,934.94",23.4,,,,154394,96.42,33
Serbia,SRB,"7,021,776","88,361",106.34,"73,752.46",44.4,62,113254.5,1425.18,229564,30.59,8
Seychelles,SYC,"84,954",455,179.21,563.05,0.32,877,96.9,0.52,0,,0
Sierra Leone,SLE,"6,106,002","71,740",83.71,"37,617.23",27.9,31.8,192012.6,2255.97,461382,13.23,10
Singapore,SGP,"5,033,078",693,"6,482.18","5,613.58",5.8,,,,47924,105.02,0
Slovakia,SVK,"5,401,096","48,845",111.36,"90,691.63",162,180,30006.1,271.36,2250539,2.4,0
Slovenia,SVN,"2,082,921","20,273",99.16,"45,831.96",111,195,10681.6,103.96,190956,10.91,0
Solomon Islands,SLB,"448,048","28,450",19.42,"1,656.45",0.749023438,,,,7150,62.66,1
Somalia,SOM,"8,261,851","637,657",13.9,"194,321.14",7.9,14.8,558233.2,43084.93,6707,"1,231.83",1
Somaliland,SOL,"2,670,610","137,600",32.7, -   ,1.9,,,,2126,"1,256.17",0
South Africa,ZAF,"54,358,081","1,219,912",36.22,"347,538.82",86.1,110,494164.4,11090.11,890591,61.04,3
South Georgia and the South Sandwich Island,SGS, -   ,"3,903", -   ,10.63,0,,,,73, -   ,0
South Sudan,SSD,"12,339,612","619,745",19.91,"37,797.80",32.3,62,199026,9995.89,557703,22.13,23
Spain,ESP,"45,521,072","504,782",80.03,"942,495.18",568,686,66357.2,735.83,1181762,38.52,0
Sri Lanka,LKA,"20,351,826","65,610",308.22,"59,369.86",34,60,339197.1,1093.5,473812,42.95,35
Sudan,SDN,"40,195,946","2,505,810",16.46,"77,737.94",13,19.1,2104499.8,131194.24,61574,652.81,5
Suriname,SUR,"537,482","163,270",2.69,"8,698.19",3.8,5,107496.4,32654,9462,56.8,0
Swaziland,SWZ,"1,268,916","17,363",65.45,"11,763.20",19.2,22.1,57417,785.66,440090,2.88,0
Sweden,SWE,"9,346,770","449,964",20.04,"335,492.50",288,356,26255,1263.94,1452208,6.44,0
Switzerland,CHE,"8,196,216","41,290",182.22,"157,239.00",265,305,26872.8,135.38,1977796,4.14,0
Syria,SYR,"18,511,773","185,180",101.96,"99,077.18",19.5,24.7,749464.5,7497.17,67338,274.91,4
Taiwan,TWN,"22,830,661","35,980",640.25,"94,141.93",46.5,65,351240.9,553.54,278,"82,124.68",0
Tajikistan,TJK,"8,570,682","143,100",51.16,"24,946.61",9.4,15.8,542448.2,9056.96,48099,178.19,2
Tanzania,TZA,"52,946,559","945,087",39.62,"131,531.78",45.3,195,271520.8,4846.6,540738,97.92,91
Thailand,THA,"67,472,906","514,000",125.74,"316,732.09",71,120,562274.2,4283.33,104750,644.13,0
Timor-Leste,TLS,"1,186,190","15,410",77.97,"4,055.86",2.6,,,,13113,90.46,1
Togo,TGO,"7,262,796","56,785",97.71,"22,666.07",18.6,26.6,273037.4,2134.77,288018,25.22,19
Tokelau,TKL,"1,499",10,141.1,2.44,0.00019455,,,,111,13.5,0
Tonga,TON,"77,360",748,153.33,"2,105.49",0.000195503,,,,3200,24.18,0
Trinidad & Tobago,TTO,"1,290,599","5,128",207.85,"10,914.37",7.9,,,,6665,193.64,1
Tunisia,TUN,"11,099,720","163,610",62.19,"71,444.29",19.7,26.5,418857.4,6173.96,52242,212.47,0
Turkey,TUR,"77,854,155","780,580",90.21,"565,223.31",150,219,355498.4,3564.29,308704,252.2,2
Turkmenistan,TKM,"5,412,688","488,100",10.33,"29,526.25",5,7,773241.1,69728.57,19068,283.86,0
Turks & Caicos Islands,TCA,"25,927",430,49.19,815.07,0.1796875,,,,1357,19.11,0
Tuvalu,TUV,"1,032",26,454.23,78.06,0.004882813,,,,261,3.95,0
Uganda,UGA,"38,707,053","236,040",119.45,"75,488.33",25.7,64,604797.7,3688.13,333619,116.02,30
Ukraine,UKR,"42,427,262","603,700",77.37,"591,484.26",329,439,96645.2,1375.17,2568228,16.52,1
United Arab Emirates,ARE,"8,596,864","82,880",31.4,"51,108.20",14.2,,,,53290,161.32,0
United Kingdom,GBR,"63,962,033","244,820",247.57,"493,560.41",839,986,64870.2,248.3,4273192,14.97,0
United States Minor Outlying Islands,UMI,"5,500",34,8.77,41.8,0,,,,133,41.35,0
United States,USA,"319,499,031","9,631,420",30.99,"9,860,173.11",4777.3,5412,59035.3,1779.64,14850866,21.51,9
Uruguay,URY,"3,417,399","176,220",19.48,"64,741.84",17.9,21.5,158948.8,8196.28,6032,566.54,0
Uzbekistan,UZB,"29,462,409","447,400",61.04,"114,183.60",24.6,33.8,871668.9,13236.69,118079,249.51,0
Vanuatu,VUT,"221,097","12,200",17.12,"3,444.84",3.1,,,,96150,2.3,0
Venezuela,VEN,"30,964,095","912,050",28.21,"102,099.13",27.1,,,,45687,677.74,0
Vietnam,VNM,"91,545,422","329,560",256.11,"104,505.76",27.1,45.6,2007575,7227.19,34788,"2,631.52",15
Virgin Islands,VIR,"89,611","1,910",56.86,446.07,0.81640625,,,,4265,21.01,0
Wallis and Futuna,WLF,"4,603",274,58.49,273.04,0.000195503,,,,3661,1.26,0
West Bank,0,"2,747,943","5,860",419.88, -   ,0,0,,,25067,109.62,23
Western Sahara,ESH,"1,206","266,000",2.2, -   ,1.5,,,,1599,0.75,0
Yemen,YEM,"26,656,403","527,970",40.64,"33,380.92",6.8,11.9,2240033.9,44367.23,6585,"4,048.05",0
Zambia,ZMB,"16,133,031","752,614",15.28,"60,385.54",23.1,57,283035.6,13203.75,345660,46.67,23
Zimbabwe,ZWE,"15,493,351","390,580",31.33,"82,821.46",19.6,127,121994.9,3075.43,248156,62.43,8
